Title,Corrected Sentiment
TN police fail to act on sexual harassment allegations against teacher for six months - The News Minute,Misgovernance (TN Govt Only)
AIADMK flays Tamil Nadu government over crime against women - The New Indian Express,Misgovernance (TN Govt Only)
PMK to stage protest today demanding caste census in State - The Hindu,Anti TN State Government
"'Welcome Tamil, stop Hindi imposition': Residents create rangolis against Centre amid language row - The Times of India",Anti Central Government
Three men arrested for sexually assaulting Odisha woman in Tamil Nadu - The Hans India,Good Governance (TN Govt Only)
Shocking Incident in Tamil Nadu: Seven Students Arrested for Alleged Assault - Devdiscourse,Good Governance (TN Govt Only)
AIADMK Protests In Chennai Over Tamil Nadu's Failure To Address Sexual Offences Against Women And Children - NewsX,Anti TN State Government
Women completely unsafe: Annamalai slams DMK govt over gang rape of 17-year-old minor - ANI News,Anti TN State Government
TN college students protest against Centre's trilingual policy - ETEducation.com,Anti Central Government
Women In Chennai Draw Rangolis To Protest Centre's Imposition Of Hindi On Tamil Nadu - ETV Bharat,Anti Central Government
AISF stages protest over MoE 'blackmailing' Tamil Nadu into implementing NEP 2020 - ETEducation.com,Anti Central Government
"States accepting Hindi risk losing mother tongue, warns Udhayanidhi Stalin - Business Standard",Anti Central Government
'English is enough for us': Rangoli protest against Hindi 'imposition' by Centre in Tamil Nadu - Deccan Herald,Anti Central Government
AIADMK students wing protest - The Hindu,Anti TN State Government
"AIADMK members stage protest demanding end to sexual crimes against girls, women in Tamil Nadu - Deccan Herald",Anti TN State Government
"'Welcome Tamil,' 'Stop Hindi Imposition' Rangolis Mark Protest Over Language Row In TN's Tiruvallur | Video - News18",Anti Central Government
"Chennai Students Protest Against NEP's Trilingual Policy, Accuse Centre of Hindi Imposition - The Mooknayak English",Anti Central Government
"DMK and allies to stage protest against Centre over NEP, 'betrayal' of Tamil Nadu - Deccan Herald",Anti Central Government
"College teachers stage protest, demand benefits under the CAS",Anti TN State Government
"Non-disbursal of Central funds to Tamil Nadu: DMK, allies to hold demonstration on February 18 - The Hindu",Anti Central Government
"DMK, allies to protest against Centre over NEP, 'betrayal' of Tamil Nadu - Business Standard",Anti Central Government
PMK to stage protest on February 20 demanding caste census in T.N. - The Hindu,Anti TN State Government
"Amit Shahs Coimbatore visit | Political parties, organisations plan black flag protest - The Hindu",Anti Central Government
Tamil Nadus battle against Hindi imposition: A legacy of resistance - South First,Anti Central Government
"Tamil Nadu: Udhayanidhi Stalin leads DMK protest against National Education Policy, claims 'Hindi imposition' - OpIndia",Anti Central Government
Workers' strike continues at Samsung India's Chennai unit; talks fail - Business Standard,Anti TN State Government
"DMK, allies to stage massive protest against NEP, Union Minister Pradhan calls it politics - The New Indian Express",Anti Central Government
DMK holds protest against Governor Ravi for disrespecting States anthem - The Hindu,Anti Central Government
BJP's Annamalai slams INDIA Bloc's protest against Modi govt: 'Nobody imposes Hindi' - Hindustan Times,General Protest
Tamil Nadu will never bow down to Centres hegemony on language: Minister - Deccan Herald,Anti Central Government
NEP 3-language policy row: DMK-led INDIA bloc to hold protest against Centre on Feb 18 - DTNEXT,Anti Central Government
T.N. revenue staff to go on indefinite strike from Nov. 26 - The Hindu,Anti TN State Government
Why Was Vikatan Blocked? The Controversy Over a Political Cartoon - Frontline,Anti Central Government
Failure of democratic system if Governor doesn't grant assent to bills second time: TN government to SC - The New Indian Express,Anti Central Government
,
